{
  "project_info": {
    "project_number": "268614535205",
    "firebase_url": "https://tgapplication-37b50.firebaseio.com",
    "project_id": "tgapplication-37b50",
    "storage_bucket": "tgapplication-37b50.appspot.com"
  },
  "client": [
    {
      "client_info": {
        "mobilesdk_app_id": "1:268614535205:android:82aa1da411fca338",
        "android_client_info": {
          "package_name": "com.example.tgapplication"
        }
      },
      "oauth_client": [
        {
          "client_id": "268614535205-dnfb8u06ckh2v0dts4bc152j1iomknlg.apps.googleusercontent.com",
          "client_type": 3
        }
      ],
      "api_key": [
        {
          "current_key": "AIzaSyBovbs5YxjozY4cc5xPCTBQlGTvYXPez3Y"
        }
      ],
      "services": {
        "appinvite_service": {
          "other_platform_oauth_client": [
            {
              "client_id": "268614535205-dnfb8u06ckh2v0dts4bc152j1iomknlg.apps.googleusercontent.com",
              "client_type": 3
            }
          ]
        }
      }
    }
  ],
  "configuration_version": "1"
}