{
  "project_info": {
    "project_number": "268614535205",
    "firebase_url": "https://tgapplication-37b50.firebaseio.com",
    "project_id": "tgapplication-37b50",
    "storage_bucket": "tgapplication-37b50.appspot.com"
  },
  "client": [
    {
      "client_info": {
        "mobilesdk_app_id": "1:268614535205:android:82aa1da411fca338",
        "android_client_info": {
          "package_name": "com.example.tgapplication"
        }
      },
      "oauth_client": [
        {
          "client_id": "268614535205-tqbg0hj2sebp96s4lq5ac1sqvkotsib6.apps.googleusercontent.com",
          "client_type": 1,
          "android_info": {
            "package_name": "com.example.tgapplication",
            "certificate_hash": "2c5bb8e9f867346dc95e5b19114fb92b73fce257"
          }
        },
        {
          "client_id": "268614535205-kj0t9nbs8r6p32l8gn5uc2nbgb01tfpt.apps.googleusercontent.com",
          "client_type": 1,
          "android_info": {
            "package_name": "com.example.tgapplication",
            "certificate_hash": "60f704954b095ed5e26ff90f63bdf227f3806ffc"
          }
        },
        {
          "client_id": "268614535205-dnfb8u06ckh2v0dts4bc152j1iomknlg.apps.googleusercontent.com",
          "client_type": 3
        }
      ],
      "api_key": [
        {
          "current_key": "AIzaSyBovbs5YxjozY4cc5xPCTBQlGTvYXPez3Y"
        }
      ],
      "services": {
        "appinvite_service": {
          "other_platform_oauth_client": [
            {
              "client_id": "268614535205-dnfb8u06ckh2v0dts4bc152j1iomknlg.apps.googleusercontent.com",
              "client_type": 3
            }
          ]
        }
      }
    }
  ],
  "configuration_version": "1"
}